external_gene_name,ensembl_gene_id,cds_length,gene_biotype
Ttn,ENSMUSG00000051747,106173,protein_coding
Obscn,ENSMUSG00000061462,26661,protein_coding
Syne1,ENSMUSG00000096054,26400,protein_coding
Muc16,ENSMUSG00000109564,25437,protein_coding
,ENSMUSG00000121514,25014,protein_coding
,ENSMUSG00000121515,23865,protein_coding
Dst,ENSMUSG00000026131,23154,protein_coding
,ENSMUSG00000121520,22746,protein_coding
,ENSMUSG00000121521,22746,protein_coding
,ENSMUSG00000121528,22746,protein_coding
,ENSMUSG00000121529,22746,protein_coding
Muc19,ENSMUSG00000118670,22575,protein_coding
Neb,ENSMUSG00000026950,22572,protein_coding
Macf1,ENSMUSG00000028649,22068,protein_coding
Fsip2,ENSMUSG00000075249,20988,protein_coding
Syne2,ENSMUSG00000063450,20625,protein_coding
Flg2,ENSMUSG00000049133,20127,protein_coding
,ENSMUSG00000121519,20067,protein_coding
,ENSMUSG00000121523,20067,protein_coding
,ENSMUSG00000121525,20067,protein_coding
,ENSMUSG00000121527,20067,protein_coding
Ccdc168,ENSMUSG00000091844,19773,protein_coding
Adgrv1,ENSMUSG00000069170,18897,protein_coding
Efcab3,ENSMUSG00000020690,17610,protein_coding
Ahnak,ENSMUSG00000069833,16971,protein_coding
Hmcn1,ENSMUSG00000066842,16905,protein_coding
Mdn1,ENSMUSG00000058006,16770,protein_coding
Kmt2d,ENSMUSG00000048154,16767,protein_coding
Zan,ENSMUSG00000079173,16263,protein_coding
,ENSMUSG00000121543,16236,protein_coding
Ush2a,ENSMUSG00000026609,15582,protein_coding
Ubr4,ENSMUSG00000066036,15543,protein_coding
Hydin,ENSMUSG00000059854,15465,protein_coding
Rnf213,ENSMUSG00000070327,15459,protein_coding
Sspo,ENSMUSG00000029797,15435,protein_coding
,ENSMUSG00000121524,15352,protein_coding
Hmcn2,ENSMUSG00000055632,15303,protein_coding
Pclo,ENSMUSG00000061601,15207,protein_coding
Ryr1,ENSMUSG00000030592,15186,protein_coding
Abca13,ENSMUSG00000004668,15105,protein_coding
Bltp1,ENSMUSG00000037270,15018,protein_coding
Spata31h1,ENSMUSG00000044581,14961,protein_coding
Fat4,ENSMUSG00000046743,14946,protein_coding
Muc6,ENSMUSG00000118661,14919,protein_coding
Ryr2,ENSMUSG00000021313,14901,protein_coding
Kmt2c,ENSMUSG00000038056,14715,protein_coding
Ryr3,ENSMUSG00000057378,14667,protein_coding
Birc6,ENSMUSG00000024073,14649,protein_coding
Herc1,ENSMUSG00000038664,14580,protein_coding
Herc2,ENSMUSG00000030451,14511,protein_coding
Muc5b,ENSMUSG00000066108,14403,protein_coding
Dnhd1,ENSMUSG00000030882,14253,protein_coding
Mycbp2,ENSMUSG00000033004,14241,protein_coding
Dnah8,ENSMUSG00000033826,14196,protein_coding
Plec,ENSMUSG00000022565,14076,protein_coding
Lrp2,ENSMUSG00000027070,13983,protein_coding
,ENSMUSG00000121556,13941,protein_coding
Fat1,ENSMUSG00000070047,13938,protein_coding
,ENSMUSG00000121557,13938,protein_coding
Dync1h1,ENSMUSG00000018707,13935,protein_coding
Dnah5,ENSMUSG00000022262,13866,protein_coding
Lrp1b,ENSMUSG00000049252,13800,protein_coding
Dnah14,ENSMUSG00000047369,13791,protein_coding
Dnah10,ENSMUSG00000038011,13776,protein_coding
Sacs,ENSMUSG00000048279,13749,protein_coding
Muc2,ENSMUSG00000025515,13731,protein_coding
Stard9,ENSMUSG00000033705,13686,protein_coding
Fat3,ENSMUSG00000074505,13668,protein_coding
Lrp1,ENSMUSG00000040249,13638,protein_coding
Apob,ENSMUSG00000020609,13518,protein_coding
Muc17,ENSMUSG00000037390,13500,protein_coding
Dnah11,ENSMUSG00000018581,13467,protein_coding
Dnah9,ENSMUSG00000056752,13455,protein_coding
Dnah2,ENSMUSG00000005237,13389,protein_coding
Dnah17,ENSMUSG00000033987,13380,protein_coding
Hectd4,ENSMUSG00000042744,13257,protein_coding
Vps13d,ENSMUSG00000020220,13173,protein_coding
Unc13b,ENSMUSG00000028456,13173,protein_coding
Hspg2,ENSMUSG00000028763,13152,protein_coding
Huwe1,ENSMUSG00000025261,13137,protein_coding
Tnxb,ENSMUSG00000033327,13071,protein_coding
Fat2,ENSMUSG00000055333,13056,protein_coding
Dync2h1,ENSMUSG00000047193,12942,protein_coding
Pkd1,ENSMUSG00000032855,12882,protein_coding
Dnah1,ENSMUSG00000019027,12753,protein_coding
Pkhd1l1,ENSMUSG00000038725,12750,protein_coding
Dnah6,ENSMUSG00000052861,12435,protein_coding
Prkdc,ENSMUSG00000022672,12387,protein_coding
Dnah3,ENSMUSG00000052273,12252,protein_coding
Dnah7b,ENSMUSG00000041144,12207,protein_coding
Pkhd1,ENSMUSG00000043760,12180,protein_coding
Dnah7a,ENSMUSG00000096141,12075,protein_coding
Dnah7c,ENSMUSG00000101337,12075,protein_coding
Fras1,ENSMUSG00000034687,12033,protein_coding
Vps13b,ENSMUSG00000037646,11982,protein_coding
Muc4,ENSMUSG00000118672,11973,protein_coding
Kmt2a,ENSMUSG00000002028,11901,protein_coding
Dnah12,ENSMUSG00000021879,11883,protein_coding
Bsn,ENSMUSG00000032589,11829,protein_coding
Ank2,ENSMUSG00000032826,11781,protein_coding
Trrap,ENSMUSG00000045482,11580,protein_coding
Lyst,ENSMUSG00000019726,11364,protein_coding
Xirp2,ENSMUSG00000027022,11355,protein_coding
Akap9,ENSMUSG00000040407,11340,protein_coding
Zfp469,ENSMUSG00000043903,11298,protein_coding
Vps13c,ENSMUSG00000035284,11247,protein_coding
Zfhx3,ENSMUSG00000038872,11172,protein_coding
Alms1,ENSMUSG00000063810,11163,protein_coding
,ENSMUSG00000121526,11160,protein_coding
Lama5,ENSMUSG00000015647,11157,protein_coding
Csmd3,ENSMUSG00000022311,11124,protein_coding
Dmd,ENSMUSG00000045103,11037,protein_coding
Cmya5,ENSMUSG00000047419,11031,protein_coding
Smg1,ENSMUSG00000030655,10977,protein_coding
Lrrc37,ENSMUSG00000034239,10932,protein_coding
Spen,ENSMUSG00000040761,10932,protein_coding
Sptbn5,ENSMUSG00000074899,10875,protein_coding
Cubn,ENSMUSG00000026726,10872,protein_coding
Mgam,ENSMUSG00000068587,10851,protein_coding
Csmd2,ENSMUSG00000028804,10836,protein_coding
Zfhx4,ENSMUSG00000025255,10821,protein_coding
Usp34,ENSMUSG00000056342,10807,protein_coding
Svep1,ENSMUSG00000028369,10704,protein_coding
Csmd1,ENSMUSG00000060924,10695,protein_coding
Spata31h-ps1,ENSMUSG00000118586,10587,protein_coding
Wdfy3,ENSMUSG00000043940,10581,protein_coding
Myo15a,ENSMUSG00000042678,10536,protein_coding
Ahnak2,ENSMUSG00000118667,10506,protein_coding
Reln,ENSMUSG00000042453,10386,protein_coding
Eppk1,ENSMUSG00000118671,10377,protein_coding
Muc5ac,ENSMUSG00000037974,10368,protein_coding
Szt2,ENSMUSG00000033253,10296,protein_coding
Utrn,ENSMUSG00000019820,10293,protein_coding
Hrnr,ENSMUSG00000041991,10236,protein_coding
Cdh23,ENSMUSG00000012819,10065,protein_coding
Vcan,ENSMUSG00000021614,10065,protein_coding
Dchs2,ENSMUSG00000102692,10041,protein_coding
Lama3,ENSMUSG00000024421,9993,protein_coding
Brca2,ENSMUSG00000041147,9990,protein_coding
Unc80,ENSMUSG00000055567,9981,protein_coding
Celsr3,ENSMUSG00000023473,9930,protein_coding
Lrrc37a,ENSMUSG00000078632,9897,protein_coding
Dchs1,ENSMUSG00000036862,9876,protein_coding
Col6a3,ENSMUSG00000048126,9852,protein_coding
Srcap,ENSMUSG00000053877,9816,protein_coding
Speg,ENSMUSG00000026207,9789,protein_coding
Golgb1,ENSMUSG00000034243,9717,protein_coding
Cplane1,ENSMUSG00000039801,9645,protein_coding
Cfap47,ENSMUSG00000073077,9555,protein_coding
Wdfy4,ENSMUSG00000051506,9552,protein_coding
Mki67,ENSMUSG00000031004,9534,protein_coding
Cfap54,ENSMUSG00000020014,9516,protein_coding
Vps13a,ENSMUSG00000046230,9501,protein_coding
Frem2,ENSMUSG00000037016,9483,protein_coding
Rev3l,ENSMUSG00000019841,9369,protein_coding
Aspm,ENSMUSG00000033952,9369,protein_coding
Htt,ENSMUSG00000029104,9363,protein_coding
Lama2,ENSMUSG00000019899,9357,protein_coding
Trio,ENSMUSG00000022263,9312,protein_coding
Cep350,ENSMUSG00000033671,9288,protein_coding
Gm42715,ENSMUSG00000107023,9288,protein_coding
Prune2,ENSMUSG00000039126,9255,protein_coding
Lama1,ENSMUSG00000032796,9252,protein_coding
Adgrg4,ENSMUSG00000053852,9222,protein_coding
Atm,ENSMUSG00000034218,9201,protein_coding
Col12a1,ENSMUSG00000032332,9198,protein_coding
Dmxl2,ENSMUSG00000041268,9165,protein_coding
Ranbp2,ENSMUSG00000003226,9162,protein_coding
Mga,ENSMUSG00000033943,9129,protein_coding
Bptf,ENSMUSG00000040481,9111,protein_coding
Ep400,ENSMUSG00000029505,9108,protein_coding
Fam186a,ENSMUSG00000045350,9108,protein_coding
Celsr1,ENSMUSG00000016028,9105,protein_coding
Myo15b,ENSMUSG00000034427,9102,protein_coding
Bod1l,ENSMUSG00000061755,9099,protein_coding
Dmxl1,ENSMUSG00000037416,9078,protein_coding
Fry,ENSMUSG00000056602,9063,protein_coding
Map1a,ENSMUSG00000027254,9045,protein_coding
Fryl,ENSMUSG00000070733,9024,protein_coding
Trank1,ENSMUSG00000062296,9000,protein_coding
Cenpf,ENSMUSG00000026605,8994,protein_coding
Chd7,ENSMUSG00000041235,8961,protein_coding
Helz2,ENSMUSG00000027580,8913,protein_coding
Kalrn,ENSMUSG00000061751,8895,protein_coding
Ash1l,ENSMUSG00000028053,8877,protein_coding
Zzef1,ENSMUSG00000055670,8862,protein_coding
Crybg3,ENSMUSG00000022723,8859,protein_coding
Col7a1,ENSMUSG00000025650,8835,protein_coding
Nbea,ENSMUSG00000027799,8811,protein_coding
Celsr2,ENSMUSG00000068740,8760,protein_coding
Pcnt,ENSMUSG00000001151,8751,protein_coding
Otog,ENSMUSG00000009487,8736,protein_coding
Fbn2,ENSMUSG00000024598,8724,protein_coding
Chd9,ENSMUSG00000056608,8658,protein_coding
Dsp,ENSMUSG00000054889,8652,protein_coding
Tacc2,ENSMUSG00000030852,8640,protein_coding
Fbn1,ENSMUSG00000027204,8622,protein_coding
Ank3,ENSMUSG00000069601,8612,protein_coding
Lrba,ENSMUSG00000028080,8565,protein_coding
Igfn1,ENSMUSG00000051985,8550,protein_coding
Prrc2c,ENSMUSG00000040225,8541,protein_coding
Apc,ENSMUSG00000005871,8529,protein_coding
Nf1,ENSMUSG00000020716,8526,protein_coding
Tenm4,ENSMUSG00000048078,8502,protein_coding
Piezo2,ENSMUSG00000041482,8475,protein_coding
Vwf,ENSMUSG00000001930,8442,protein_coding
Gm9195,ENSMUSG00000109446,8418,protein_coding
Nipbl,ENSMUSG00000022141,8397,protein_coding
Ubr5,ENSMUSG00000037487,8397,protein_coding
Pdzd2,ENSMUSG00000022197,8391,protein_coding
Akap13,ENSMUSG00000066406,8385,protein_coding
Utp20,ENSMUSG00000004356,8370,protein_coding
Megf8,ENSMUSG00000045039,8370,protein_coding
Tex15,ENSMUSG00000009628,8358,protein_coding
Tg,ENSMUSG00000053469,8301,protein_coding
Tenm2,ENSMUSG00000049336,8298,protein_coding
Nbeal2,ENSMUSG00000056724,8253,protein_coding
Itpr1,ENSMUSG00000030102,8250,protein_coding
Tenm1,ENSMUSG00000016150,8196,protein_coding
Flnc,ENSMUSG00000068699,8181,protein_coding
Kmt2b,ENSMUSG00000006307,8166,protein_coding
Tenm3,ENSMUSG00000031561,8148,protein_coding
Chd6,ENSMUSG00000057133,8136,protein_coding
Pkd1l1,ENSMUSG00000046634,8124,protein_coding
Srrm2,ENSMUSG00000039218,8112,protein_coding
Itpr2,ENSMUSG00000030287,8106,protein_coding
Zfp292,ENSMUSG00000039967,8097,protein_coding
Cdcp3,ENSMUSG00000006204,8091,protein_coding
Nsd1,ENSMUSG00000021488,8076,protein_coding
Hivep1,ENSMUSG00000021366,8067,protein_coding
Nbeal1,ENSMUSG00000073664,8067,protein_coding
Tnrc18,ENSMUSG00000039477,8022,protein_coding
Gcn1,ENSMUSG00000041638,8016,protein_coding
Itpr3,ENSMUSG00000042644,8013,protein_coding
Ankrd11,ENSMUSG00000035569,7995,protein_coding
Unc79,ENSMUSG00000021198,7965,protein_coding
Flna,ENSMUSG00000031328,7944,protein_coding
Setx,ENSMUSG00000043535,7941,protein_coding
Bahcc1,ENSMUSG00000039741,7932,protein_coding
Atr,ENSMUSG00000032409,7926,protein_coding
Cfap46,ENSMUSG00000049571,7926,protein_coding
Col6a5,ENSMUSG00000091345,7923,protein_coding
Usp24,ENSMUSG00000028514,7914,protein_coding
Wnk1,ENSMUSG00000045962,7908,protein_coding
Myo9a,ENSMUSG00000039585,7896,protein_coding
Tep1,ENSMUSG00000006281,7890,protein_coding
Mast4,ENSMUSG00000034751,7857,protein_coding
Hectd1,ENSMUSG00000035247,7833,protein_coding
Myo18b,ENSMUSG00000072720,7818,protein_coding
Ankrd17,ENSMUSG00000055204,7812,protein_coding
Flnb,ENSMUSG00000025278,7809,protein_coding
Abca12,ENSMUSG00000050296,7788,protein_coding
Igsf10,ENSMUSG00000036334,7785,protein_coding
Fcgbp,ENSMUSG00000047730,7752,protein_coding
Chd8,ENSMUSG00000053754,7749,protein_coding
Fcgbpl1,ENSMUSG00000078776,7746,protein_coding
Epg5,ENSMUSG00000039840,7719,protein_coding
Stab1,ENSMUSG00000042286,7716,protein_coding
Zfhx2,ENSMUSG00000040721,7689,protein_coding
Sptbn4,ENSMUSG00000011751,7686,protein_coding
Stab2,ENSMUSG00000035459,7680,protein_coding
Usp9y,ENSMUSG00000069044,7671,protein_coding
Usp9x,ENSMUSG00000031010,7665,protein_coding
Mtor,ENSMUSG00000028991,7650,protein_coding
Ankhd1,ENSMUSG00000024483,7647,protein_coding
Piezo1,ENSMUSG00000014444,7644,protein_coding
Polq,ENSMUSG00000034206,7635,protein_coding
Tln2,ENSMUSG00000052698,7635,protein_coding
Tln1,ENSMUSG00000028465,7626,protein_coding
Ralgapa1,ENSMUSG00000021027,7617,protein_coding
Setd2,ENSMUSG00000044791,7614,protein_coding
Notch1,ENSMUSG00000026923,7596,protein_coding
Jmjd1c,ENSMUSG00000037876,7596,protein_coding
Cul9,ENSMUSG00000040327,7593,protein_coding
Zfyve26,ENSMUSG00000066440,7590,protein_coding
Lrrk2,ENSMUSG00000036273,7584,protein_coding
Cep192,ENSMUSG00000024542,7545,protein_coding
Cic,ENSMUSG00000005442,7533,protein_coding
Ncor2,ENSMUSG00000029478,7524,protein_coding
Fasn,ENSMUSG00000025153,7515,protein_coding
Zdbf2,ENSMUSG00000027520,7497,protein_coding
Sptan1,ENSMUSG00000057738,7497,protein_coding
Zfp462,ENSMUSG00000060206,7488,protein_coding
Igf2r,ENSMUSG00000023830,7452,protein_coding
Ttc28,ENSMUSG00000033209,7446,protein_coding
Cep290,ENSMUSG00000019971,7440,protein_coding
Son,ENSMUSG00000022961,7434,protein_coding
Fn1,ENSMUSG00000026193,7434,protein_coding
Atrx,ENSMUSG00000031229,7431,protein_coding
Notch2,ENSMUSG00000027878,7422,protein_coding
Cenpe,ENSMUSG00000045328,7416,protein_coding
Bdp1,ENSMUSG00000049658,7416,protein_coding
Map1b,ENSMUSG00000052727,7395,protein_coding
Pde4dip,ENSMUSG00000038170,7392,protein_coding
Dop1a,ENSMUSG00000034973,7389,protein_coding
Pkd1l2,ENSMUSG00000034416,7386,protein_coding
Cacna1a,ENSMUSG00000034656,7374,protein_coding
Ncor1,ENSMUSG00000018501,7365,protein_coding
Ptpn13,ENSMUSG00000034573,7356,protein_coding
Acacb,ENSMUSG00000042010,7347,protein_coding
Crebbp,ENSMUSG00000022521,7326,protein_coding
Cep250,ENSMUSG00000038241,7308,protein_coding
Abca2,ENSMUSG00000026944,7302,protein_coding
Nav2,ENSMUSG00000052512,7299,protein_coding
Tpr,ENSMUSG00000006005,7296,protein_coding
Hivep2,ENSMUSG00000015501,7293,protein_coding
Spg11,ENSMUSG00000033396,7293,protein_coding
Gvin1,ENSMUSG00000045868,7284,protein_coding
Gvin2,ENSMUSG00000078606,7284,protein_coding
Rif1,ENSMUSG00000036202,7281,protein_coding
Spta1,ENSMUSG00000026532,7248,protein_coding
Cep295,ENSMUSG00000046111,7239,protein_coding
Ep300,ENSMUSG00000055024,7239,protein_coding
Cspg4b,ENSMUSG00000021763,7176,protein_coding
Sptbn2,ENSMUSG00000067889,7167,protein_coding
Cacna1h,ENSMUSG00000024112,7149,protein_coding
Tasor2,ENSMUSG00000033799,7149,protein_coding
Cacna1g,ENSMUSG00000020866,7146,protein_coding
Mgam2-ps,ENSMUSG00000102802,7140,protein_coding
Sec16a,ENSMUSG00000026924,7134,protein_coding
Cnot1,ENSMUSG00000036550,7131,protein_coding
Nav3,ENSMUSG00000020181,7101,protein_coding
Sptbn1,ENSMUSG00000020315,7092,protein_coding
Nbas,ENSMUSG00000020576,7071,protein_coding
Armcx4,ENSMUSG00000049804,7071,protein_coding
Hivep3,ENSMUSG00000028634,7047,protein_coding
Acaca,ENSMUSG00000020532,7038,protein_coding
Pcnx1,ENSMUSG00000021140,7035,protein_coding
Ros1,ENSMUSG00000019893,7023,protein_coding
Qrich2,ENSMUSG00000070331,7014,protein_coding
Prpf8,ENSMUSG00000020850,7008,protein_coding
Cntrl,ENSMUSG00000057110,7005,protein_coding
Sptb,ENSMUSG00000021061,6990,protein_coding
Cacna1b,ENSMUSG00000004113,6987,protein_coding
Cspg4,ENSMUSG00000032911,6984,protein_coding
Otogl,ENSMUSG00000091455,6978,protein_coding
C2cd3,ENSMUSG00000047248,6972,protein_coding
Potefam1,ENSMUSG00000027157,6966,protein_coding
Spag17,ENSMUSG00000027867,6963,protein_coding
F8,ENSMUSG00000031196,6960,protein_coding
Notch3,ENSMUSG00000038146,6957,protein_coding
Ptprz1,ENSMUSG00000068748,6939,protein_coding
Abca4,ENSMUSG00000028125,6933,protein_coding
Col6a4,ENSMUSG00000032572,6930,protein_coding
Akap6,ENSMUSG00000061603,6924,protein_coding
Brwd1,ENSMUSG00000022914,6915,protein_coding
Apc2,ENSMUSG00000020135,6912,protein_coding
Ptprq,ENSMUSG00000035916,6903,protein_coding
Plce1,ENSMUSG00000024998,6891,protein_coding
Arid1b,ENSMUSG00000069729,6891,protein_coding
Dop1b,ENSMUSG00000022946,6888,protein_coding
Gpr179,ENSMUSG00000070337,6882,protein_coding
Arid1a,ENSMUSG00000007880,6864,protein_coding
Ptprb,ENSMUSG00000020154,6858,protein_coding
Pole,ENSMUSG00000007080,6852,protein_coding
C2cd6,ENSMUSG00000072295,6849,protein_coding
Urb1,ENSMUSG00000039929,6834,protein_coding
Cacna1e,ENSMUSG00000004110,6822,protein_coding
Mprip,ENSMUSG00000005417,6810,protein_coding
Col6a6,ENSMUSG00000043719,6798,protein_coding
Abca1,ENSMUSG00000015243,6786,protein_coding
Asxl3,ENSMUSG00000045215,6783,protein_coding
Gon4l,ENSMUSG00000054199,6783,protein_coding
Svil,ENSMUSG00000024236,6774,protein_coding
Dido1,ENSMUSG00000038914,6771,protein_coding
Dnajc13,ENSMUSG00000032560,6747,protein_coding
Zfp407,ENSMUSG00000048410,6741,protein_coding
Ahctf1,ENSMUSG00000026491,6732,protein_coding
Ice1,ENSMUSG00000034525,6726,protein_coding
Golga4,ENSMUSG00000038708,6717,protein_coding
Zfp318,ENSMUSG00000015597,6714,protein_coding
Bltp2,ENSMUSG00000010277,6705,protein_coding
Prrc2b,ENSMUSG00000039262,6693,protein_coding
Rttn,ENSMUSG00000023066,6681,protein_coding
Cad,ENSMUSG00000013629,6678,protein_coding
Cacna1c,ENSMUSG00000051331,6669,protein_coding
Usf3,ENSMUSG00000068284,6666,protein_coding
Med13l,ENSMUSG00000018076,6651,protein_coding
Loxhd1,ENSMUSG00000032818,6651,protein_coding
Myo7a,ENSMUSG00000030761,6648,protein_coding
Sorl1,ENSMUSG00000049313,6648,protein_coding
Wnk2,ENSMUSG00000037989,6642,protein_coding
Unc13c,ENSMUSG00000062151,6633,protein_coding
Kntc1,ENSMUSG00000029414,6624,protein_coding
Ccdc187,ENSMUSG00000048038,6609,protein_coding
Pkd1l3,ENSMUSG00000048827,6606,protein_coding
Cacna1i,ENSMUSG00000022416,6600,protein_coding
Ascc3,ENSMUSG00000038774,6597,protein_coding
Ints1,ENSMUSG00000029547,6588,protein_coding
Sdk1,ENSMUSG00000039683,6582,protein_coding
Med12l,ENSMUSG00000056476,6579,protein_coding
Frem1,ENSMUSG00000059049,6576,protein_coding
Med12,ENSMUSG00000079487,6573,protein_coding
Cacna1d,ENSMUSG00000015968,6564,protein_coding
Cabin1,ENSMUSG00000020196,6564,protein_coding
Dock10,ENSMUSG00000038608,6564,protein_coding
Naca,ENSMUSG00000061315,6564,protein_coding
Ccdc162,ENSMUSG00000075225,6558,protein_coding
F5,ENSMUSG00000026579,6552,protein_coding
Sdk2,ENSMUSG00000041592,6531,protein_coding
Med13,ENSMUSG00000034297,6516,protein_coding
Arfgef3,ENSMUSG00000019852,6513,protein_coding
Abca7,ENSMUSG00000035722,6504,protein_coding
Shank1,ENSMUSG00000038738,6504,protein_coding
Prrc2a,ENSMUSG00000024393,6477,protein_coding
Tecta,ENSMUSG00000037705,6468,protein_coding
Sytl2,ENSMUSG00000030616,6462,protein_coding
Alpk2,ENSMUSG00000032845,6435,protein_coding
Heatr1,ENSMUSG00000050244,6432,protein_coding
Ylpm1,ENSMUSG00000021244,6420,protein_coding
Snrnp200,ENSMUSG00000003660,6411,protein_coding
Tdrd6,ENSMUSG00000040140,6408,protein_coding
Acan,ENSMUSG00000030607,6399,protein_coding
Dock7,ENSMUSG00000028556,6393,protein_coding
Myo9b,ENSMUSG00000004677,6387,protein_coding
Frem3,ENSMUSG00000042353,6384,protein_coding
Pkdrej,ENSMUSG00000052496,6381,protein_coding
Baz2b,ENSMUSG00000026987,6372,protein_coding
Malrd1,ENSMUSG00000075520,6372,protein_coding
Pcnx2,ENSMUSG00000060212,6369,protein_coding
Dysf,ENSMUSG00000033788,6363,protein_coding
Knl1,ENSMUSG00000027326,6360,protein_coding
Plxnb1,ENSMUSG00000053646,6360,protein_coding
Espl1,ENSMUSG00000058290,6357,protein_coding
Nin,ENSMUSG00000021068,6342,protein_coding
Myo7b,ENSMUSG00000024388,6342,protein_coding
Dock9,ENSMUSG00000025558,6342,protein_coding
Kif26b,ENSMUSG00000026494,6339,protein_coding
Dscaml1,ENSMUSG00000032087,6336,protein_coding
Dock6,ENSMUSG00000032198,6336,protein_coding
Tnc,ENSMUSG00000028364,6333,protein_coding
Pi4ka,ENSMUSG00000041720,6318,protein_coding
Gtf3c1,ENSMUSG00000032777,6306,protein_coding
Dock8,ENSMUSG00000052085,6303,protein_coding
D430041D05Rik,ENSMUSG00000068373,6300,protein_coding
Nav1,ENSMUSG00000009418,6297,protein_coding
Gm19410,ENSMUSG00000109372,6297,protein_coding
Pikfyve,ENSMUSG00000025949,6294,protein_coding
Rp1,ENSMUSG00000025900,6288,protein_coding
Numa1,ENSMUSG00000066306,6285,protein_coding
Hcfc1,ENSMUSG00000031386,6273,protein_coding
Arhgap32,ENSMUSG00000041444,6270,protein_coding
Tro,ENSMUSG00000025272,6264,protein_coding
Nup214,ENSMUSG00000001855,6258,protein_coding
Myo18a,ENSMUSG00000000631,6252,protein_coding
Spef2,ENSMUSG00000072663,6231,protein_coding
Atg2b,ENSMUSG00000041341,6228,protein_coding
Dock11,ENSMUSG00000031093,6222,protein_coding
Cit,ENSMUSG00000029516,6213,protein_coding
Heatr5b,ENSMUSG00000039414,6213,protein_coding
Mpdz,ENSMUSG00000028402,6210,protein_coding
Ncoa6,ENSMUSG00000038369,6210,protein_coding
Crybg1,ENSMUSG00000019866,6198,protein_coding
Pcm1,ENSMUSG00000031592,6195,protein_coding
Myo10,ENSMUSG00000022272,6189,protein_coding
Nup205,ENSMUSG00000038759,6186,protein_coding
Myof,ENSMUSG00000048612,6186,protein_coding
Arhgef17,ENSMUSG00000032875,6174,protein_coding
Chd3,ENSMUSG00000018474,6168,protein_coding
Kat6b,ENSMUSG00000021767,6165,protein_coding
Kat6a,ENSMUSG00000031540,6162,protein_coding
Mical3,ENSMUSG00000051586,6135,protein_coding
Ankrd12,ENSMUSG00000034647,6126,protein_coding
Tet1,ENSMUSG00000047146,6120,protein_coding
Heatr5a,ENSMUSG00000035181,6117,protein_coding
Fer1l5,ENSMUSG00000037432,6117,protein_coding
Evpl,ENSMUSG00000034282,6108,protein_coding
Prr12,ENSMUSG00000046574,6108,protein_coding
Agrn,ENSMUSG00000041936,6105,protein_coding
Cep164,ENSMUSG00000043987,6105,protein_coding
Myh14,ENSMUSG00000030739,6102,protein_coding
Ckap5,ENSMUSG00000040549,6099,protein_coding
Dock3,ENSMUSG00000039716,6093,protein_coding
Trpm6,ENSMUSG00000024727,6087,protein_coding
Pcnx3,ENSMUSG00000054874,6087,protein_coding
Brd10,ENSMUSG00000046138,6084,protein_coding
Trip12,ENSMUSG00000026219,6078,protein_coding
Phf3,ENSMUSG00000048874,6078,protein_coding
Fancm,ENSMUSG00000055884,6066,protein_coding
Scn5a,ENSMUSG00000032511,6063,protein_coding
Ccdc88c,ENSMUSG00000021182,6051,protein_coding
Ccdc88a,ENSMUSG00000032740,6051,protein_coding
Lrrk1,ENSMUSG00000015133,6045,protein_coding
Triobp,ENSMUSG00000033088,6045,protein_coding
Myh10,ENSMUSG00000020900,6042,protein_coding
Dscam,ENSMUSG00000050272,6042,protein_coding
Crocc,ENSMUSG00000040860,6030,protein_coding
Scn1a,ENSMUSG00000064329,6030,protein_coding
Smchd1,ENSMUSG00000024054,6024,protein_coding
Scn2a,ENSMUSG00000075318,6021,protein_coding
Etl4,ENSMUSG00000036617,5994,protein_coding
Otof,ENSMUSG00000062372,5994,protein_coding
Fer1l4,ENSMUSG00000013338,5985,protein_coding
Tanc2,ENSMUSG00000053580,5985,protein_coding
Zfc3h1,ENSMUSG00000034163,5979,protein_coding
Map2,ENSMUSG00000015222,5970,protein_coding
Scn8a,ENSMUSG00000023033,5967,protein_coding
Tcf20,ENSMUSG00000041852,5964,protein_coding
Setd1b,ENSMUSG00000038384,5958,protein_coding
Cacna1f,ENSMUSG00000031142,5955,protein_coding
Scn9a,ENSMUSG00000075316,5955,protein_coding
Shroom3,ENSMUSG00000029381,5943,protein_coding
Myh11,ENSMUSG00000018830,5940,protein_coding
Ttc3,ENSMUSG00000040785,5940,protein_coding
Dock4,ENSMUSG00000035954,5937,protein_coding
Eml5,ENSMUSG00000051166,5934,protein_coding
Trip11,ENSMUSG00000021188,5931,protein_coding
Mcm3ap,ENSMUSG00000001150,5916,protein_coding
Prr14l,ENSMUSG00000054280,5916,protein_coding
Polr2a,ENSMUSG00000005198,5913,protein_coding
Trp53bp1,ENSMUSG00000043909,5910,protein_coding
Parp4,ENSMUSG00000054509,5910,protein_coding
Helz,ENSMUSG00000020721,5898,protein_coding
Notch4,ENSMUSG00000015468,5895,protein_coding
Casp8ap2,ENSMUSG00000028282,5889,protein_coding
Myh9,ENSMUSG00000022443,5883,protein_coding
Zfp638,ENSMUSG00000030016,5883,protein_coding
Exph5,ENSMUSG00000034584,5883,protein_coding
Scn10a,ENSMUSG00000034533,5877,protein_coding
Eml6,ENSMUSG00000044072,5877,protein_coding
Ralgapa2,ENSMUSG00000037110,5874,protein_coding
Dmbt1,ENSMUSG00000047517,5874,protein_coding
Arhgap21,ENSMUSG00000036591,5868,protein_coding
Dennd4c,ENSMUSG00000038024,5868,protein_coding
Greb1,ENSMUSG00000036523,5865,protein_coding
Chd5,ENSMUSG00000005045,5859,protein_coding
Mylk,ENSMUSG00000022836,5853,protein_coding
Scn3a,ENSMUSG00000057182,5844,protein_coding
Mtcl1,ENSMUSG00000052105,5838,protein_coding
Anapc1,ENSMUSG00000014355,5835,protein_coding
Pcdh15,ENSMUSG00000052613,5832,protein_coding
Myh2,ENSMUSG00000033196,5829,protein_coding
Myh1,ENSMUSG00000056328,5829,protein_coding
Myh7b,ENSMUSG00000074652,5826,protein_coding
Myh3,ENSMUSG00000020908,5823,protein_coding
D630045J12Rik,ENSMUSG00000063455,5823,protein_coding
Myh4,ENSMUSG00000057003,5820,protein_coding
Thada,ENSMUSG00000024251,5817,protein_coding
Myh6,ENSMUSG00000040752,5817,protein_coding
Myh13,ENSMUSG00000060180,5817,protein_coding
Myh8,ENSMUSG00000055775,5814,protein_coding
Myh7,ENSMUSG00000053093,5808,protein_coding
Wdr81,ENSMUSG00000045374,5805,protein_coding
Lct,ENSMUSG00000026354,5796,protein_coding
Adamts9,ENSMUSG00000030022,5796,protein_coding
Mia3,ENSMUSG00000056050,5793,protein_coding
Plxnd1,ENSMUSG00000030123,5778,protein_coding
Myh15,ENSMUSG00000092009,5778,protein_coding
Gm45861,ENSMUSG00000110333,5772,protein_coding
Chd4,ENSMUSG00000063870,5769,protein_coding
Dlg5,ENSMUSG00000021782,5766,protein_coding
Tet2,ENSMUSG00000040943,5763,protein_coding
Myo16,ENSMUSG00000039057,5760,protein_coding
Rlf,ENSMUSG00000049878,5757,protein_coding
Dicer1,ENSMUSG00000041415,5751,protein_coding
Nlrc5,ENSMUSG00000074151,5748,protein_coding
Atg2a,ENSMUSG00000024773,5745,protein_coding
Greb1l,ENSMUSG00000042942,5742,protein_coding
Ptprd,ENSMUSG00000028399,5739,protein_coding
Znfx1,ENSMUSG00000039501,5730,protein_coding
Nckap5,ENSMUSG00000049690,5730,protein_coding
Ptprs,ENSMUSG00000013236,5724,protein_coding
Ank1,ENSMUSG00000031543,5724,protein_coding
Adamts20,ENSMUSG00000022449,5721,protein_coding
Lrp4,ENSMUSG00000027253,5718,protein_coding
Vwa8,ENSMUSG00000058997,5718,protein_coding
Plxnb3,ENSMUSG00000031385,5709,protein_coding
Tnrc6c,ENSMUSG00000025571,5703,protein_coding
Ptprf,ENSMUSG00000033295,5697,protein_coding
Tnrc6a,ENSMUSG00000052707,5691,protein_coding
Akap11,ENSMUSG00000022016,5685,protein_coding
Plxna2,ENSMUSG00000026640,5685,protein_coding
Plxna1,ENSMUSG00000030084,5685,protein_coding
Ak9,ENSMUSG00000091415,5685,protein_coding
Plxna4,ENSMUSG00000029765,5682,protein_coding
Taf1,ENSMUSG00000031314,5682,protein_coding
Sbf1,ENSMUSG00000036529,5682,protein_coding
Wdr90,ENSMUSG00000073434,5679,protein_coding
Baz2a,ENSMUSG00000040054,5673,protein_coding
Ubr3,ENSMUSG00000044308,5670,protein_coding
Ticrr,ENSMUSG00000046591,5670,protein_coding
Rai1,ENSMUSG00000062115,5670,protein_coding
Zfp106,ENSMUSG00000027288,5667,protein_coding
Tns1,ENSMUSG00000055322,5667,protein_coding
Nup210,ENSMUSG00000030091,5661,protein_coding
Kif1b,ENSMUSG00000063077,5652,protein_coding
Kif26a,ENSMUSG00000021294,5646,protein_coding
Nup210l,ENSMUSG00000027939,5646,protein_coding
Eif4g3,ENSMUSG00000028760,5643,protein_coding
Pcsk5,ENSMUSG00000024713,5634,protein_coding
Tmem131,ENSMUSG00000026116,5634,protein_coding
Plxna3,ENSMUSG00000031398,5619,protein_coding
Sbf2,ENSMUSG00000038371,5619,protein_coding
Dennd4a,ENSMUSG00000053641,5610,protein_coding
Kmt2e,ENSMUSG00000029004,5607,protein_coding
Dock5,ENSMUSG00000044447,5607,protein_coding
Dock1,ENSMUSG00000058325,5598,protein_coding
Nes,ENSMUSG00000004891,5595,protein_coding
Trpm7,ENSMUSG00000027365,5592,protein_coding
Zgrf1,ENSMUSG00000051278,5592,protein_coding
Pdcd11,ENSMUSG00000025047,5589,protein_coding
Fer1l6,ENSMUSG00000037106,5589,protein_coding
Gbf1,ENSMUSG00000025224,5586,protein_coding
Virma,ENSMUSG00000040720,5586,protein_coding
Rp1l1,ENSMUSG00000046049,5580,protein_coding
Patj,ENSMUSG00000061859,5577,protein_coding
Ttc6,ENSMUSG00000046782,5574,protein_coding
Tanc1,ENSMUSG00000035168,5571,protein_coding
Myo5a,ENSMUSG00000034593,5568,protein_coding
Arhgef4,ENSMUSG00000037509,5568,protein_coding
Cacna1s,ENSMUSG00000026407,5559,protein_coding
Lcorl,ENSMUSG00000015882,5556,protein_coding
Btaf1,ENSMUSG00000040565,5547,protein_coding
Zfp236,ENSMUSG00000041258,5544,protein_coding
Cfap65,ENSMUSG00000047021,5544,protein_coding
Kif13b,ENSMUSG00000060012,5544,protein_coding
Tspoap1,ENSMUSG00000034156,5541,protein_coding
Arfgef1,ENSMUSG00000067851,5541,protein_coding
Col27a1,ENSMUSG00000045672,5538,protein_coding
Myo5b,ENSMUSG00000025885,5535,protein_coding
Zfp142,ENSMUSG00000026135,5532,protein_coding
Psme4,ENSMUSG00000040850,5532,protein_coding
Cfap44,ENSMUSG00000071550,5532,protein_coding
Plxnb2,ENSMUSG00000036606,5529,protein_coding
Scn4a,ENSMUSG00000001027,5526,protein_coding
Shank2,ENSMUSG00000037541,5526,protein_coding
Ecpas,ENSMUSG00000050812,5523,protein_coding
Nynrin,ENSMUSG00000075592,5523,protein_coding
Col5a1,ENSMUSG00000026837,5517,protein_coding
Lamb1,ENSMUSG00000002900,5505,protein_coding
Fndc1,ENSMUSG00000071984,5502,protein_coding
Zswim8,ENSMUSG00000021819,5499,protein_coding
Dock2,ENSMUSG00000020143,5487,protein_coding
Arid2,ENSMUSG00000033237,5487,protein_coding
Afdn,ENSMUSG00000068036,5484,protein_coding
Chd2,ENSMUSG00000078671,5484,protein_coding
Atad5,ENSMUSG00000017550,5481,protein_coding
Togaram1,ENSMUSG00000035614,5481,protein_coding
Crybg2,ENSMUSG00000012123,5478,protein_coding
Cdk5rap2,ENSMUSG00000039298,5469,protein_coding
Phip,ENSMUSG00000032253,5466,protein_coding
Itgb4,ENSMUSG00000020758,5457,protein_coding
Sis,ENSMUSG00000027790,5457,protein_coding
Parp14,ENSMUSG00000034422,5454,protein_coding
Lama4,ENSMUSG00000019846,5451,protein_coding
Nup98,ENSMUSG00000063550,5451,protein_coding
Xirp1,ENSMUSG00000079243,5442,protein_coding
Brca1,ENSMUSG00000017146,5439,protein_coding
Tnrc6b,ENSMUSG00000047888,5433,protein_coding
Ltbp2,ENSMUSG00000002020,5430,protein_coding
Strc,ENSMUSG00000033498,5430,protein_coding
Tsc2,ENSMUSG00000002496,5427,protein_coding
Obsl1,ENSMUSG00000026211,5415,protein_coding
Col11a1,ENSMUSG00000027966,5415,protein_coding
Tet3,ENSMUSG00000034832,5412,protein_coding
Mast2,ENSMUSG00000003810,5403,protein_coding
Lamb2,ENSMUSG00000052911,5400,protein_coding
Brwd3,ENSMUSG00000063663,5400,protein_coding
Focad,ENSMUSG00000038368,5397,protein_coding
Col14a1,ENSMUSG00000022371,5394,protein_coding
Kidins220,ENSMUSG00000036333,5382,protein_coding
Arfgef2,ENSMUSG00000074582,5379,protein_coding
Kif1a,ENSMUSG00000014602,5376,protein_coding
Rbbp6,ENSMUSG00000030779,5373,protein_coding
Pappa2,ENSMUSG00000073530,5370,protein_coding
Zfp646,ENSMUSG00000049739,5367,protein_coding
Qser1,ENSMUSG00000074994,5367,protein_coding
1110002E22Rik,ENSMUSG00000090066,5361,protein_coding
Sipa1l1,ENSMUSG00000042700,5349,protein_coding
Bcorl1,ENSMUSG00000036959,5346,protein_coding
Frmpd4,ENSMUSG00000049176,5337,protein_coding
Sipa1l3,ENSMUSG00000030583,5331,protein_coding
Col18a1,ENSMUSG00000001435,5325,protein_coding
Kif20b,ENSMUSG00000024795,5325,protein_coding
Frmpd3,ENSMUSG00000042425,5325,protein_coding
Vwde,ENSMUSG00000079679,5322,protein_coding
Tubgcp6,ENSMUSG00000051786,5310,protein_coding
2900026A02Rik,ENSMUSG00000051339,5304,protein_coding
Ltn1,ENSMUSG00000052299,5304,protein_coding
Scn11a,ENSMUSG00000034115,5298,protein_coding
Ankrd31,ENSMUSG00000109561,5298,protein_coding
Casz1,ENSMUSG00000028977,5289,protein_coding
Kdm3b,ENSMUSG00000038773,5289,protein_coding
Bcor,ENSMUSG00000040363,5280,protein_coding
Nup188,ENSMUSG00000052533,5280,protein_coding
Ubr1,ENSMUSG00000027272,5274,protein_coding
Wnk3,ENSMUSG00000041245,5274,protein_coding
Ubr2,ENSMUSG00000023977,5268,protein_coding
Rreb1,ENSMUSG00000039087,5265,protein_coding
Ppl,ENSMUSG00000039457,5265,protein_coding
Adamtsl1,ENSMUSG00000066113,5262,protein_coding
Btbd8,ENSMUSG00000111375,5256,protein_coding
Kif13a,ENSMUSG00000021375,5250,protein_coding
Ift172,ENSMUSG00000038564,5250,protein_coding
Cdc42bpa,ENSMUSG00000026490,5247,protein_coding
Tjp1,ENSMUSG00000030516,5238,protein_coding
Rtl1,ENSMUSG00000085925,5235,protein_coding
Myo5c,ENSMUSG00000033590,5229,protein_coding
Kndc1,ENSMUSG00000066129,5229,protein_coding
Nwd2,ENSMUSG00000090061,5229,protein_coding
Dlec1,ENSMUSG00000038060,5226,protein_coding
Nalcn,ENSMUSG00000000197,5220,protein_coding
Col5a3,ENSMUSG00000004098,5220,protein_coding
C4b,ENSMUSG00000073418,5217,protein_coding
Col11a2,ENSMUSG00000024330,5211,protein_coding
Marf1,ENSMUSG00000060657,5211,protein_coding
Cep152,ENSMUSG00000068394,5211,protein_coding
Peak1,ENSMUSG00000074305,5208,protein_coding
C4a,ENSMUSG00000015451,5205,protein_coding
Col24a1,ENSMUSG00000028197,5202,protein_coding
Abca17,ENSMUSG00000035435,5202,protein_coding
Unc13a,ENSMUSG00000034799,5196,protein_coding
Trpm3,ENSMUSG00000052387,5196,protein_coding
Zc3h13,ENSMUSG00000022000,5193,protein_coding
Shank3,ENSMUSG00000022623,5193,protein_coding
Mbd5,ENSMUSG00000036792,5187,protein_coding
Nrap,ENSMUSG00000049134,5187,protein_coding
Supt6,ENSMUSG00000002052,5181,protein_coding
Ly75,ENSMUSG00000026980,5172,protein_coding
Xrn1,ENSMUSG00000032410,5172,protein_coding
Sipa1l2,ENSMUSG00000001995,5169,protein_coding
Tnks1bp1,ENSMUSG00000033955,5163,protein_coding
Itsn1,ENSMUSG00000022957,5160,protein_coding
Ehbp1l1,ENSMUSG00000024937,5157,protein_coding
Polr1a,ENSMUSG00000049553,5154,protein_coding
Setd1a,ENSMUSG00000042308,5151,protein_coding
Tiam2,ENSMUSG00000023800,5148,protein_coding
Mon2,ENSMUSG00000034602,5148,protein_coding
Ltbp1,ENSMUSG00000001870,5142,protein_coding
Cdc42bpb,ENSMUSG00000021279,5142,protein_coding
Lmo7,ENSMUSG00000033060,5142,protein_coding
Chd1,ENSMUSG00000023852,5136,protein_coding
Ddx60,ENSMUSG00000037921,5136,protein_coding
Nrxn2,ENSMUSG00000033768,5133,protein_coding
Prdm2,ENSMUSG00000057637,5130,protein_coding
Rictor,ENSMUSG00000050310,5127,protein_coding
Mdc1,ENSMUSG00000061607,5127,protein_coding
Col4a2,ENSMUSG00000031503,5124,protein_coding
Adamtsl3,ENSMUSG00000070469,5121,protein_coding
Ptprv,ENSMUSG00000097993,5118,protein_coding
Abca3,ENSMUSG00000024130,5115,protein_coding
Pbrm1,ENSMUSG00000042323,5115,protein_coding
Arap2,ENSMUSG00000037999,5112,protein_coding
Siglec1,ENSMUSG00000027322,5106,protein_coding
Arhgef28,ENSMUSG00000021662,5103,protein_coding
Adprhl1,ENSMUSG00000031448,5094,protein_coding
Lcor,ENSMUSG00000025019,5091,protein_coding
Ptpn23,ENSMUSG00000036057,5079,protein_coding
Col4a6,ENSMUSG00000031273,5076,protein_coding
Col4a5,ENSMUSG00000031274,5076,protein_coding
Kdm5a,ENSMUSG00000030180,5073,protein_coding
Cul7,ENSMUSG00000038545,5070,protein_coding
Phlpp1,ENSMUSG00000044340,5064,protein_coding
Pik3c2a,ENSMUSG00000030660,5061,protein_coding
Itsn2,ENSMUSG00000020640,5058,protein_coding
Wiz,ENSMUSG00000024050,5058,protein_coding
Akap12,ENSMUSG00000038587,5055,protein_coding
Abca14,ENSMUSG00000062017,5052,protein_coding
Camta1,ENSMUSG00000014592,5049,protein_coding
Plch1,ENSMUSG00000036834,5049,protein_coding
Phrf1,ENSMUSG00000038611,5049,protein_coding
Cfap43,ENSMUSG00000044948,5049,protein_coding
Col4a4,ENSMUSG00000067158,5049,protein_coding
Ankrd26,ENSMUSG00000007827,5046,protein_coding
Scn7a,ENSMUSG00000034810,5046,protein_coding
Hc,ENSMUSG00000026874,5043,protein_coding
Gcc2,ENSMUSG00000038039,5043,protein_coding
Alpk3,ENSMUSG00000038763,5043,protein_coding
Cltc,ENSMUSG00000047126,5040,protein_coding
N4bp2,ENSMUSG00000037795,5037,protein_coding
Abca16,ENSMUSG00000051900,5037,protein_coding
Kif14,ENSMUSG00000041498,5025,protein_coding
Shprh,ENSMUSG00000090112,5025,protein_coding
Lrriq1,ENSMUSG00000019892,5022,protein_coding
Kif21a,ENSMUSG00000022629,5019,protein_coding
Mroh2a,ENSMUSG00000079429,5016,protein_coding
Col4a1,ENSMUSG00000031502,5010,protein_coding
Col4a3,ENSMUSG00000079465,5010,protein_coding
Abca15,ENSMUSG00000054746,5007,protein_coding
Myom1,ENSMUSG00000024049,5004,protein_coding
Ltbp4,ENSMUSG00000040488,5001,protein_coding
Rims1,ENSMUSG00000041670,5001,protein_coding
Scrib,ENSMUSG00000022568,4998,protein_coding
Ccdc180,ENSMUSG00000035539,4995,protein_coding
Wdr97,ENSMUSG00000109179,4995,protein_coding
C3,ENSMUSG00000024164,4992,protein_coding
Sphkap,ENSMUSG00000026163,4977,protein_coding
Iqgap1,ENSMUSG00000030536,4974,protein_coding
Adamts7,ENSMUSG00000032363,4974,protein_coding
Adgb,ENSMUSG00000050994,4974,protein_coding
Mtcl2,ENSMUSG00000055485,4965,protein_coding
Topaz1,ENSMUSG00000094985,4962,protein_coding
Als2,ENSMUSG00000026024,4956,protein_coding
Prex1,ENSMUSG00000039621,4953,protein_coding
Cttnbp2,ENSMUSG00000000416,4947,protein_coding
Eif2ak4,ENSMUSG00000005102,4947,protein_coding
Tut4,ENSMUSG00000034610,4947,protein_coding
Nhs,ENSMUSG00000059493,4944,protein_coding
Thsd7a,ENSMUSG00000032625,4941,protein_coding
Pprc1,ENSMUSG00000055491,4941,protein_coding
Rapgef2,ENSMUSG00000062232,4935,protein_coding
Abca5,ENSMUSG00000018800,4929,protein_coding
Ccdc7a,ENSMUSG00000025808,4929,protein_coding
Kdm6b,ENSMUSG00000018476,4926,protein_coding
Rnf17,ENSMUSG00000000365,4923,protein_coding
Mroh1,ENSMUSG00000022558,4923,protein_coding
Kif21b,ENSMUSG00000041642,4920,protein_coding
Crocc2,ENSMUSG00000084989,4917,protein_coding
Abi3bp,ENSMUSG00000035258,4914,protein_coding
Erich3,ENSMUSG00000078161,4914,protein_coding
Gm14569,ENSMUSG00000091556,4914,protein_coding
Cc2d2a,ENSMUSG00000039765,4902,protein_coding
Peg3,ENSMUSG00000002265,4899,protein_coding
Pik3c2b,ENSMUSG00000026447,4899,protein_coding
Iqgap3,ENSMUSG00000028068,4899,protein_coding
Madd,ENSMUSG00000040687,4899,protein_coding
Trpm1,ENSMUSG00000030523,4887,protein_coding
Zfp831,ENSMUSG00000050600,4887,protein_coding
Pappa,ENSMUSG00000028370,4875,protein_coding
Abca6,ENSMUSG00000044749,4875,protein_coding
Abca9,ENSMUSG00000041797,4872,protein_coding
Cfap74,ENSMUSG00000078490,4872,protein_coding
Robo1,ENSMUSG00000022883,4868,protein_coding
Alk,ENSMUSG00000055471,4866,protein_coding
Dnmt1,ENSMUSG00000004099,4863,protein_coding
Abca8b,ENSMUSG00000020620,4863,protein_coding
Abca8a,ENSMUSG00000041828,4863,protein_coding
Smarca4,ENSMUSG00000032187,4854,protein_coding
Nhsl1,ENSMUSG00000039835,4854,protein_coding
Lrp5,ENSMUSG00000024913,4845,protein_coding
Adcy10,ENSMUSG00000026567,4845,protein_coding
Myo3a,ENSMUSG00000025716,4842,protein_coding
Lrp6,ENSMUSG00000030201,4842,protein_coding
Col22a1,ENSMUSG00000079022,4842,protein_coding
Top2b,ENSMUSG00000017485,4839,protein_coding
Katnip,ENSMUSG00000032743,4833,protein_coding
Rapgef6,ENSMUSG00000037533,4830,protein_coding
Synj1,ENSMUSG00000022973,4824,protein_coding
Lamc1,ENSMUSG00000026478,4824,protein_coding
Thsd7b,ENSMUSG00000042581,4824,protein_coding
Rimbp3,ENSMUSG00000071636,4821,protein_coding
Muc21,ENSMUSG00000090588,4821,protein_coding
Usp32,ENSMUSG00000000804,4815,protein_coding
Hecw1,ENSMUSG00000021301,4815,protein_coding
Gm32742,ENSMUSG00000110266,4815,protein_coding
Plin4,ENSMUSG00000002831,4806,protein_coding
Smarca2,ENSMUSG00000024921,4806,protein_coding
Eif4g1,ENSMUSG00000045983,4803,protein_coding
Adamts12,ENSMUSG00000047497,4803,protein_coding
Tchh,ENSMUSG00000052415,4800,protein_coding
Prex2,ENSMUSG00000048960,4797,protein_coding
Map3k4,ENSMUSG00000014426,4794,protein_coding
Tmem131l,ENSMUSG00000033767,4794,protein_coding
Thoc2,ENSMUSG00000037475,4785,protein_coding
Ahdc1,ENSMUSG00000037692,4785,protein_coding
Nisch,ENSMUSG00000021910,4782,protein_coding
Tiam1,ENSMUSG00000002489,4776,protein_coding
Depdc5,ENSMUSG00000037426,4776,protein_coding
Tns3,ENSMUSG00000020422,4770,protein_coding
Thoc2l,ENSMUSG00000097392,4770,protein_coding
Rb1cc1,ENSMUSG00000025907,4767,protein_coding
Usp54,ENSMUSG00000034235,4767,protein_coding
Abcc8,ENSMUSG00000040136,4767,protein_coding
Cep170,ENSMUSG00000057335,4767,protein_coding
Fhod3,ENSMUSG00000034295,4761,protein_coding
Gli3,ENSMUSG00000021318,4752,protein_coding
Setbp1,ENSMUSG00000024548,4749,protein_coding
Camsap1,ENSMUSG00000026933,4749,protein_coding
Adgrb1,ENSMUSG00000034730,4749,protein_coding
Mroh2b,ENSMUSG00000022155,4746,protein_coding
Lamc3,ENSMUSG00000026840,4746,protein_coding
Arhgef5,ENSMUSG00000033542,4746,protein_coding
Dnmbp,ENSMUSG00000025195,4743,protein_coding
Adgrl3,ENSMUSG00000037605,4743,protein_coding
Col16a1,ENSMUSG00000040690,4743,protein_coding
Samd9l,ENSMUSG00000047735,4740,protein_coding
Tarbp1,ENSMUSG00000090290,4740,protein_coding
Fmn2,ENSMUSG00000028354,4737,protein_coding
Hecw2,ENSMUSG00000042807,4737,protein_coding
Bicra,ENSMUSG00000070808,4737,protein_coding
Adgrb2,ENSMUSG00000028782,4734,protein_coding
Med1,ENSMUSG00000018160,4728,protein_coding
Iqgap2,ENSMUSG00000021676,4728,protein_coding
Dip2b,ENSMUSG00000023026,4725,protein_coding
Cep170b,ENSMUSG00000072825,4725,protein_coding
Plxnc1,ENSMUSG00000074785,4725,protein_coding
Dip2a,ENSMUSG00000020231,4719,protein_coding
Rims2,ENSMUSG00000037386,4719,protein_coding
Megf6,ENSMUSG00000057751,4719,protein_coding
Nrxn3,ENSMUSG00000066392,4716,protein_coding
Mast1,ENSMUSG00000053693,4713,protein_coding
Slx4,ENSMUSG00000039738,4698,protein_coding
Skic3,ENSMUSG00000033991,4692,protein_coding
Neurl4,ENSMUSG00000047284,4692,protein_coding
Nwd1,ENSMUSG00000048148,4692,protein_coding
Synm,ENSMUSG00000030554,4686,protein_coding
Tnn,ENSMUSG00000026725,4683,protein_coding
Ino80,ENSMUSG00000034154,4680,protein_coding
Rere,ENSMUSG00000039852,4677,protein_coding
Dip2c,ENSMUSG00000048264,4674,protein_coding
Epb41l1,ENSMUSG00000027624,4671,protein_coding
Kdm5c,ENSMUSG00000025332,4665,protein_coding
Pcf11,ENSMUSG00000041328,4662,protein_coding
Nfat5,ENSMUSG00000003847,4659,protein_coding
Baz1a,ENSMUSG00000035021,4659,protein_coding
Arhgef11,ENSMUSG00000041977,4659,protein_coding
Clasp1,ENSMUSG00000064302,4659,protein_coding
Cdc42bpg,ENSMUSG00000024769,4656,protein_coding
Duox1,ENSMUSG00000033268,4656,protein_coding
Uggt1,ENSMUSG00000037470,4656,protein_coding
Kcp,ENSMUSG00000059022,4653,protein_coding
Frmpd1,ENSMUSG00000035615,4650,protein_coding
Zmym4,ENSMUSG00000042446,4650,protein_coding
Kdm5d,ENSMUSG00000056673,4647,protein_coding
Tulp4,ENSMUSG00000034377,4644,protein_coding
Abcc9,ENSMUSG00000030249,4641,protein_coding
Duox2,ENSMUSG00000068452,4638,protein_coding
Kdm5b,ENSMUSG00000042207,4635,protein_coding
Gli2,ENSMUSG00000048402,4635,protein_coding
Arhgef12,ENSMUSG00000059495,4635,protein_coding
Abcc2,ENSMUSG00000025194,4632,protein_coding
Dlc1,ENSMUSG00000031523,4632,protein_coding
Lrrc7,ENSMUSG00000028176,4629,protein_coding
Slit2,ENSMUSG00000031558,4629,protein_coding
Dot1l,ENSMUSG00000061589,4623,protein_coding
Arap3,ENSMUSG00000024451,4617,protein_coding
Ercc6l2,ENSMUSG00000021470,4614,protein_coding
Robo2,ENSMUSG00000052516,4608,protein_coding
Agl,ENSMUSG00000033400,4599,protein_coding
Iqsec2,ENSMUSG00000041115,4599,protein_coding
Slit1,ENSMUSG00000025020,4596,protein_coding
Ccdc141,ENSMUSG00000044033,4596,protein_coding
Top2a,ENSMUSG00000020914,4587,protein_coding
Zfyve16,ENSMUSG00000021706,4587,protein_coding
Abcc1,ENSMUSG00000023088,4587,protein_coding
Arhgef40,ENSMUSG00000004562,4581,protein_coding
Abcc10,ENSMUSG00000032842,4581,protein_coding
Urb2,ENSMUSG00000031976,4575,protein_coding
Wdr62,ENSMUSG00000037020,4575,protein_coding
Prx,ENSMUSG00000053198,4575,protein_coding
Abcc3,ENSMUSG00000020865,4572,protein_coding
Slit3,ENSMUSG00000056427,4572,protein_coding
Adgrb3,ENSMUSG00000033569,4569,protein_coding
Disp1,ENSMUSG00000030768,4566,protein_coding
Resf1,ENSMUSG00000032712,4566,protein_coding
2700049A03Rik,ENSMUSG00000034601,4563,protein_coding
Cux1,ENSMUSG00000029705,4554,protein_coding
Fam193a,ENSMUSG00000037210,4554,protein_coding
Adgrl1,ENSMUSG00000013033,4551,protein_coding
Efcab6,ENSMUSG00000022441,4551,protein_coding
Topbp1,ENSMUSG00000032555,4548,protein_coding
Rusc2,ENSMUSG00000035969,4548,protein_coding
Nexmif,ENSMUSG00000046449,4548,protein_coding
Map3k19,ENSMUSG00000051590,4548,protein_coding
Nrxn1,ENSMUSG00000024109,4545,protein_coding
Fgd5,ENSMUSG00000034037,4545,protein_coding
Asxl1,ENSMUSG00000042548,4545,protein_coding
Eprs1,ENSMUSG00000026615,4539,protein_coding
Dcaf1,ENSMUSG00000040325,4539,protein_coding
4930407I10Rik,ENSMUSG00000075524,4539,protein_coding
Limch1,ENSMUSG00000037736,4536,protein_coding
Cdk13,ENSMUSG00000041297,4536,protein_coding
Zfp608,ENSMUSG00000052713,4536,protein_coding
Dennd4b,ENSMUSG00000042404,4533,protein_coding
Mapkbp1,ENSMUSG00000033902,4530,protein_coding
Atp10a,ENSMUSG00000025324,4527,protein_coding
Ralgapb,ENSMUSG00000027652,4524,protein_coding
Trpm2,ENSMUSG00000009292,4521,protein_coding
Fam135a,ENSMUSG00000026153,4521,protein_coding
Ncapd3,ENSMUSG00000035024,4521,protein_coding
Gpatch8,ENSMUSG00000034621,4518,protein_coding
Nacad,ENSMUSG00000041073,4515,protein_coding
Uggt2,ENSMUSG00000042104,4515,protein_coding
Arhgap5,ENSMUSG00000035133,4512,protein_coding
Gemin5,ENSMUSG00000037275,4512,protein_coding
Plch2,ENSMUSG00000029055,4506,protein_coding
Cps1,ENSMUSG00000025991,4503,protein_coding
Sycp2,ENSMUSG00000060445,4503,protein_coding
Arhgap35,ENSMUSG00000058230,4500,protein_coding
Abcc6,ENSMUSG00000030834,4497,protein_coding
Tasor,ENSMUSG00000040651,4497,protein_coding
Col5a2,ENSMUSG00000026042,4494,protein_coding
Pzp,ENSMUSG00000030359,4488,protein_coding
Bcl9l,ENSMUSG00000063382,4485,protein_coding
Map3k1,ENSMUSG00000021754,4482,protein_coding
Neo1,ENSMUSG00000032340,4479,protein_coding
Atp7a,ENSMUSG00000033792,4479,protein_coding
Plekhh2,ENSMUSG00000040852,4476,protein_coding
Wdr7,ENSMUSG00000040560,4470,protein_coding
Arhgap23,ENSMUSG00000049807,4467,protein_coding
Col2a1,ENSMUSG00000022483,4464,protein_coding
Adgrl2,ENSMUSG00000028184,4464,protein_coding
Golga3,ENSMUSG00000029502,4464,protein_coding
Shroom2,ENSMUSG00000045180,4464,protein_coding
Pla2r1,ENSMUSG00000054580,4464,protein_coding
Ptprm,ENSMUSG00000033278,4461,protein_coding
Cdk12,ENSMUSG00000003119,4455,protein_coding
Grin2b,ENSMUSG00000030209,4449,protein_coding
Shoc1,ENSMUSG00000038598,4446,protein_coding
Aqr,ENSMUSG00000040383,4446,protein_coding
Ccdc88b,ENSMUSG00000047810,4446,protein_coding
Ercc6,ENSMUSG00000054051,4446,protein_coding
Baz1b,ENSMUSG00000002748,4440,protein_coding
Mrc2,ENSMUSG00000020695,4440,protein_coding
Synj2,ENSMUSG00000023805,4440,protein_coding
Plb1,ENSMUSG00000029134,4437,protein_coding
Camsap2,ENSMUSG00000041570,4437,protein_coding
Zfp518a,ENSMUSG00000049164,4437,protein_coding
Cftr,ENSMUSG00000041301,4431,protein_coding
Magi3,ENSMUSG00000052539,4431,protein_coding
Mug1,ENSMUSG00000059908,4431,protein_coding
Gm7298,ENSMUSG00000108022,4431,protein_coding
Pxdn,ENSMUSG00000020674,4428,protein_coding
Shroom4,ENSMUSG00000068270,4428,protein_coding
Skint5,ENSMUSG00000078598,4428,protein_coding
A2m,ENSMUSG00000030111,4425,protein_coding
Tut7,ENSMUSG00000035248,4425,protein_coding
Atp10b,ENSMUSG00000055415,4425,protein_coding
Ptprk,ENSMUSG00000019889,4416,protein_coding
Lmtk2,ENSMUSG00000038970,4416,protein_coding
Magi1,ENSMUSG00000045095,4416,protein_coding
Col17a1,ENSMUSG00000025064,4413,protein_coding
Rprd2,ENSMUSG00000028106,4410,protein_coding
Rad54l2,ENSMUSG00000040661,4404,protein_coding
Fmn1,ENSMUSG00000044042,4401,protein_coding
Pola1,ENSMUSG00000006678,4398,protein_coding
Ankar,ENSMUSG00000039342,4398,protein_coding
Plekhg1,ENSMUSG00000040624,4398,protein_coding
Ift140,ENSMUSG00000024169,4395,protein_coding
Col3a1,ENSMUSG00000026043,4395,protein_coding
Rrbp1,ENSMUSG00000027422,4395,protein_coding
Grin2a,ENSMUSG00000059003,4395,protein_coding
Nos1,ENSMUSG00000029361,4392,protein_coding
Myom2,ENSMUSG00000031461,4392,protein_coding
Ncoa2,ENSMUSG00000005886,4389,protein_coding
Atp7b,ENSMUSG00000006567,4389,protein_coding
Nup153,ENSMUSG00000021374,4389,protein_coding
Setd5,ENSMUSG00000034269,4383,protein_coding
Atad2b,ENSMUSG00000052812,4383,protein_coding
Rfx7,ENSMUSG00000037674,4380,protein_coding
Med14,ENSMUSG00000064127,4380,protein_coding
Gapvd1,ENSMUSG00000026867,4377,protein_coding
Bltp3b,ENSMUSG00000019951,4374,protein_coding
Lrrc9,ENSMUSG00000021090,4371,protein_coding
Mrc1,ENSMUSG00000026712,4371,protein_coding
Scaf11,ENSMUSG00000033228,4371,protein_coding
A2ml1,ENSMUSG00000047228,4371,protein_coding
Nrk,ENSMUSG00000052854,4368,protein_coding
Ptprt,ENSMUSG00000053141,4368,protein_coding
Ccdc18,ENSMUSG00000056531,4368,protein_coding
Col1a1,ENSMUSG00000001506,4362,protein_coding
Nktr,ENSMUSG00000032525,4362,protein_coding
Cecr2,ENSMUSG00000071226,4362,protein_coding
Arap1,ENSMUSG00000032812,4359,protein_coding
Rgs12,ENSMUSG00000029101,4356,protein_coding
Mug2,ENSMUSG00000030131,4356,protein_coding
Tex14,ENSMUSG00000010342,4353,protein_coding
Erbin,ENSMUSG00000021709,4353,protein_coding
Cpsf1,ENSMUSG00000034022,4353,protein_coding
Fancd2,ENSMUSG00000034023,4353,protein_coding
Lmtk3,ENSMUSG00000062044,4353,protein_coding
Pds5b,ENSMUSG00000034021,4350,protein_coding
Phldb1,ENSMUSG00000048537,4350,protein_coding
Ncoa1,ENSMUSG00000020647,4344,protein_coding
Dcc,ENSMUSG00000060534,4344,protein_coding
Naip2,ENSMUSG00000078945,4344,protein_coding
Ptpru,ENSMUSG00000028909,4341,protein_coding
Nsd3,ENSMUSG00000054823,4341,protein_coding
Ythdc2,ENSMUSG00000034653,4338,protein_coding
Rock2,ENSMUSG00000020580,4334,protein_coding
Mlh3,ENSMUSG00000021245,4332,protein_coding
Dapk1,ENSMUSG00000021559,4329,protein_coding
Cd109,ENSMUSG00000046186,4329,protein_coding
Ptprg,ENSMUSG00000121513,4329,protein_coding
Igsf9b,ENSMUSG00000034275,4326,protein_coding
Rsf1,ENSMUSG00000035623,4326,protein_coding
Map4,ENSMUSG00000032479,4322,protein_coding
Fanca,ENSMUSG00000032815,4320,protein_coding
Myom3,ENSMUSG00000037139,4320,protein_coding
Fyco1,ENSMUSG00000025241,4314,protein_coding
Trappc8,ENSMUSG00000033382,4314,protein_coding
Clip1,ENSMUSG00000049550,4314,protein_coding
Abcc5,ENSMUSG00000022822,4311,protein_coding
Ppip5k1,ENSMUSG00000033526,4311,protein_coding
Tex16,ENSMUSG00000034555,4306,protein_coding
Ptch1,ENSMUSG00000021466,4305,protein_coding
Hfm1,ENSMUSG00000043410,4305,protein_coding
Iqcn,ENSMUSG00000110622,4305,protein_coding
Caskin1,ENSMUSG00000033597,4296,protein_coding
Gm1043,ENSMUSG00000117286,4296,protein_coding
Ssh2,ENSMUSG00000037926,4290,protein_coding
Bltp3a,ENSMUSG00000039512,4290,protein_coding
Atrn,ENSMUSG00000027312,4287,protein_coding
Vps8,ENSMUSG00000033653,4284,protein_coding
Adamts13,ENSMUSG00000014852,4281,protein_coding
Cux2,ENSMUSG00000042589,4281,protein_coding
Arhgap31,ENSMUSG00000022799,4278,protein_coding
Bcl9,ENSMUSG00000038256,4278,protein_coding
Pogz,ENSMUSG00000038902,4278,protein_coding
Nphp4,ENSMUSG00000039577,4278,protein_coding
Kdm6a,ENSMUSG00000037369,4275,protein_coding
Tecpr2,ENSMUSG00000021275,4272,protein_coding
Ric1,ENSMUSG00000038658,4269,protein_coding
Npat,ENSMUSG00000033054,4263,protein_coding
Fhad1,ENSMUSG00000051435,4263,protein_coding
Blm,ENSMUSG00000030528,4260,protein_coding
Smg6,ENSMUSG00000038290,4257,protein_coding
Atp10d,ENSMUSG00000046808,4251,protein_coding
Ankrd48,ENSMUSG00000020481,4248,protein_coding
Magi2,ENSMUSG00000040003,4245,protein_coding
Uaca,ENSMUSG00000034485,4242,protein_coding
Zfp609,ENSMUSG00000040524,4242,protein_coding
Vinac1,ENSMUSG00000079051,4242,protein_coding
3425401B19Rik,ENSMUSG00000071540,4239,protein_coding
Eea1,ENSMUSG00000036499,4236,protein_coding
Rpap1,ENSMUSG00000034032,4230,protein_coding
Fam83h,ENSMUSG00000046761,4230,protein_coding
Cr2,ENSMUSG00000026616,4227,protein_coding
Palld,ENSMUSG00000058056,4227,protein_coding
Tns2,ENSMUSG00000037003,4224,protein_coding
Yeats2,ENSMUSG00000041215,4224,protein_coding
Edc4,ENSMUSG00000036270,4221,protein_coding
Efcab5,ENSMUSG00000050944,4221,protein_coding
Arhgef18,ENSMUSG00000004568,4218,protein_coding
Espn,ENSMUSG00000028943,4218,protein_coding
Crb1,ENSMUSG00000063681,4218,protein_coding
Cc2d2b,ENSMUSG00000108929,4218,protein_coding
Akna,ENSMUSG00000039158,4215,protein_coding
Naip1,ENSMUSG00000021640,4212,protein_coding
Nid2,ENSMUSG00000021806,4212,protein_coding
Ncoa3,ENSMUSG00000027678,4212,protein_coding
Fam135b,ENSMUSG00000036800,4212,protein_coding
Sned1,ENSMUSG00000047793,4212,protein_coding
Cep162,ENSMUSG00000056919,4212,protein_coding
Naip5,ENSMUSG00000071203,4212,protein_coding
Naip6,ENSMUSG00000078942,4212,protein_coding
Robo3,ENSMUSG00000032128,4209,protein_coding
Nup160,ENSMUSG00000051329,4209,protein_coding
Brd4,ENSMUSG00000024002,4206,protein_coding
Wrn,ENSMUSG00000031583,4206,protein_coding
Fgd6,ENSMUSG00000020021,4200,protein_coding
Scaper,ENSMUSG00000034007,4197,protein_coding
Mia2,ENSMUSG00000021000,4194,protein_coding
Zfyve9,ENSMUSG00000034557,4194,protein_coding
Cntln,ENSMUSG00000038070,4194,protein_coding
Carmil2,ENSMUSG00000050357,4194,protein_coding
D5Ertd579e,ENSMUSG00000029190,4191,protein_coding
Ccnb3,ENSMUSG00000051592,4191,protein_coding
Kif27,ENSMUSG00000060176,4185,protein_coding
Ninl,ENSMUSG00000068115,4185,protein_coding
Lrpprc,ENSMUSG00000024120,4179,protein_coding
Ncapd2,ENSMUSG00000038252,4179,protein_coding
Frmpd2,ENSMUSG00000108841,4179,protein_coding
Nup155,ENSMUSG00000022142,4176,protein_coding
Sbno1,ENSMUSG00000038095,4176,protein_coding
Usp19,ENSMUSG00000006676,4173,protein_coding
Polr3a,ENSMUSG00000025280,4173,protein_coding
Ankrd50,ENSMUSG00000044864,4173,protein_coding
Dhx57,ENSMUSG00000035051,4167,protein_coding
Kif15,ENSMUSG00000036768,4164,protein_coding
Rab3gap2,ENSMUSG00000039318,4164,protein_coding
Kif16b,ENSMUSG00000038844,4161,protein_coding
Cntnap1,ENSMUSG00000017167,4158,protein_coding
Dhx9,ENSMUSG00000042699,4155,protein_coding
Cemip2,ENSMUSG00000024754,4152,protein_coding
Pask,ENSMUSG00000026274,4152,protein_coding
Tdrd9,ENSMUSG00000054003,4152,protein_coding
Spata31e2,ENSMUSG00000073722,4146,protein_coding
Map3k5,ENSMUSG00000071369,4143,protein_coding
Met,ENSMUSG00000009376,4140,protein_coding
Mst1r,ENSMUSG00000032584,4137,protein_coding
Atrnl1,ENSMUSG00000054843,4137,protein_coding
Cpd,ENSMUSG00000020841,4134,protein_coding
Zmym2,ENSMUSG00000021945,4131,protein_coding
Cracd,ENSMUSG00000036377,4131,protein_coding
Usp47,ENSMUSG00000059263,4131,protein_coding
Carmil3,ENSMUSG00000022211,4128,protein_coding
Carmil1,ENSMUSG00000021338,4125,protein_coding
Aatk,ENSMUSG00000025375,4125,protein_coding
Med23,ENSMUSG00000019984,4122,protein_coding
Drosha,ENSMUSG00000022191,4122,protein_coding
Prag1,ENSMUSG00000050271,4122,protein_coding
Insr,ENSMUSG00000005534,4119,protein_coding
Col1a2,ENSMUSG00000029661,4119,protein_coding
Tmem94,ENSMUSG00000020747,4116,protein_coding
Ssc5d,ENSMUSG00000035279,4116,protein_coding
Zmym3,ENSMUSG00000031310,4113,protein_coding
Asxl2,ENSMUSG00000037486,4113,protein_coding
Igf1r,ENSMUSG00000005533,4110,protein_coding
Sik3,ENSMUSG00000034135,4110,protein_coding
Col15a1,ENSMUSG00000028339,4104,protein_coding
Rtl9,ENSMUSG00000085584,4104,protein_coding
Abcc12,ENSMUSG00000036872,4101,protein_coding
Nsd2,ENSMUSG00000057406,4101,protein_coding
Plekhg2,ENSMUSG00000037552,4098,protein_coding
Dhx29,ENSMUSG00000042426,4098,protein_coding
Atad2,ENSMUSG00000022360,4095,protein_coding
Flt4,ENSMUSG00000020357,4092,protein_coding
Tonsl,ENSMUSG00000059323,4092,protein_coding
Zfp541,ENSMUSG00000078796,4092,protein_coding
Col20a1,ENSMUSG00000016356,4089,protein_coding
Cemip,ENSMUSG00000052353,4086,protein_coding
Cadps,ENSMUSG00000054423,4086,protein_coding
Spata31d1b,ENSMUSG00000091311,4086,protein_coding
Tnik,ENSMUSG00000027692,4083,protein_coding
Kank1,ENSMUSG00000032702,4083,protein_coding
Msh6,ENSMUSG00000005370,4077,protein_coding
Tnr,ENSMUSG00000015829,4077,protein_coding
Pik3r4,ENSMUSG00000032571,4077,protein_coding
Srcin1,ENSMUSG00000038453,4074,protein_coding
Tcof1,ENSMUSG00000024613,4071,protein_coding
Kif24,ENSMUSG00000028438,4071,protein_coding
Fndc3c1,ENSMUSG00000033737,4071,protein_coding
Plekhh1,ENSMUSG00000060716,4071,protein_coding
Phlpp2,ENSMUSG00000031732,4068,protein_coding
Rock1,ENSMUSG00000024290,4065,protein_coding
Simc1,ENSMUSG00000043183,4065,protein_coding
Adcy9,ENSMUSG00000005580,4062,protein_coding
Cluh,ENSMUSG00000020741,4062,protein_coding
Rptor,ENSMUSG00000025583,4062,protein_coding
Ube4b,ENSMUSG00000028960,4062,protein_coding
Mtus2,ENSMUSG00000029651,4062,protein_coding
Astn2,ENSMUSG00000028373,4059,protein_coding
Ibtk,ENSMUSG00000035941,4059,protein_coding
Pnpla7,ENSMUSG00000036833,4059,protein_coding
Ptprj,ENSMUSG00000025314,4053,protein_coding
Dgkk,ENSMUSG00000062393,4053,protein_coding
Enam,ENSMUSG00000029286,4050,protein_coding
Sbno2,ENSMUSG00000035673,4050,protein_coding
Kif7,ENSMUSG00000050382,4047,protein_coding
Umodl1,ENSMUSG00000054134,4047,protein_coding
Adgrf5,ENSMUSG00000056492,4047,protein_coding
Nfasc,ENSMUSG00000026442,4044,protein_coding
Disp3,ENSMUSG00000041544,4044,protein_coding
Gprasp1,ENSMUSG00000043384,4044,protein_coding
Sh3tc1,ENSMUSG00000036553,4041,protein_coding
Zfp827,ENSMUSG00000071064,4041,protein_coding
Pnpla6,ENSMUSG00000004565,4038,protein_coding
Disp2,ENSMUSG00000040035,4038,protein_coding
Kdr,ENSMUSG00000062960,4038,protein_coding
Arhgef10,ENSMUSG00000071176,4038,protein_coding
Aox2,ENSMUSG00000079554,4038,protein_coding
Mink1,ENSMUSG00000020827,4035,protein_coding
Eif3a,ENSMUSG00000024991,4035,protein_coding
Trim66,ENSMUSG00000031026,4035,protein_coding
Mybbp1a,ENSMUSG00000040463,4035,protein_coding
Usp31,ENSMUSG00000063317,4035,protein_coding
Cenpj,ENSMUSG00000064128,4035,protein_coding
Zfp804b,ENSMUSG00000092094,4032,protein_coding
Wdr19,ENSMUSG00000037890,4026,protein_coding
Plekhg3,ENSMUSG00000052609,4026,protein_coding
Lrguk,ENSMUSG00000056215,4023,protein_coding
Syngap1,ENSMUSG00000067629,4023,protein_coding
Erbb3,ENSMUSG00000018166,4020,protein_coding
Acin1,ENSMUSG00000022185,4017,protein_coding
Pcdh11x,ENSMUSG00000034755,4017,protein_coding
Cobl,ENSMUSG00000020173,4014,protein_coding
Pfas,ENSMUSG00000020899,4014,protein_coding
Mapk8ip3,ENSMUSG00000024163,4014,protein_coding
Zfp335,ENSMUSG00000039834,4014,protein_coding
Heg1,ENSMUSG00000075254,4014,protein_coding
Adgra2,ENSMUSG00000031486,4011,protein_coding
Aox4,ENSMUSG00000038242,4011,protein_coding
Spata31d1a,ENSMUSG00000050876,4011,protein_coding
Atp8b3,ENSMUSG00000003341,4008,protein_coding
Xdh,ENSMUSG00000024066,4008,protein_coding
Pitpnm2,ENSMUSG00000029406,4008,protein_coding
Aox3,ENSMUSG00000064294,4008,protein_coding
Washc2,ENSMUSG00000024104,4005,protein_coding
Pard3,ENSMUSG00000025812,4005,protein_coding
Npc1l1,ENSMUSG00000020447,4002,protein_coding
Elp1,ENSMUSG00000028431,4002,protein_coding
Flt1,ENSMUSG00000029648,4002,protein_coding
Sos2,ENSMUSG00000034801,4002,protein_coding
Snapc4,ENSMUSG00000036281,4002,protein_coding
Myo3b,ENSMUSG00000042064,4002,protein_coding
Aox1,ENSMUSG00000063558,4002,protein_coding
